Domain Code,Domain,Area Code,Area,Element Code,Element,Item Code,Item,Year Code,Year,Value
"GI","Burning - Biomass","100","India","7246","Burned Area","6796","Humid tropical forest","2000","2000","58209.9843"
"GI","Burning - Biomass","100","India","7246","Burned Area","6796","Humid tropical forest","2001","2001","61521.1777"
"GI","Burning - Biomass","100","India","7246","Burned Area","6796","Humid tropical forest","2002","2002","26853.8009"
"GI","Burning - Biomass","100","India","7246","Burned Area","6796","Humid tropical forest","2003","2003","153609.7514"
"GI","Burning - Biomass","100","India","7246","Burned Area","6796","Humid tropical forest","2004","2004","256645.9178"
"GI","Burning - Biomass","100","India","7246","Burned Area","6796","Humid tropical forest","2005","2005","147470.5132"
"GI","Burning - Biomass","100","India","7246","Burned Area","6796","Humid tropical forest","2006","2006","205235.1639"
"GI","Burning - Biomass","100","India","7246","Burned Area","6796","Humid tropical forest","2007","2007","169494.4937"
"GI","Burning - Biomass","100","India","7246","Burned Area","6796","Humid tropical forest","2008","2008","157495.0735"
"GI","Burning - Biomass","100","India","7246","Burned Area","6796","Humid tropical forest","2009","2009","375459.4972"
"GI","Burning - Biomass","100","India","7246","Burned Area","6796","Humid tropical forest","2010","2010","451835.0555"
"GI","Burning - Biomass","100","India","7246","Burned Area","6796","Humid tropical forest","2011","2011","157237.4831"
"GI","Burning - Biomass","100","India","7246","Burned Area","6796","Humid tropical forest","2012","2012","234664.869"
"GI","Burning - Biomass","100","India","7246","Burned Area","6796","Humid tropical forest","2013","2013","221763.8823"
"GI","Burning - Biomass","100","India","7246","Burned Area","6796","Humid tropical forest","2014","2014","271500.2985"
"GI","Burning - Biomass","100","India","7246","Burned Area","6796","Humid tropical forest","2015","2015","160242.7046"
"GI","Burning - Biomass","100","India","7246","Burned Area","6796","Humid tropical forest","2016","2016","225563.3409"
"GI","Burning - Biomass","100","India","7246","Burned Area","6796","Humid tropical forest","2017","2017","225563.3409"
"GI","Burning - Biomass","100","India","7245","Biomass burned (dry matter)","6796","Humid tropical forest","2000","2000","3149160.051"
"GI","Burning - Biomass","100","India","7245","Biomass burned (dry matter)","6796","Humid tropical forest","2001","2001","3311897.84"
"GI","Burning - Biomass","100","India","7245","Biomass burned (dry matter)","6796","Humid tropical forest","2002","2002","1442755.293"
"GI","Burning - Biomass","100","India","7245","Biomass burned (dry matter)","6796","Humid tropical forest","2003","2003","8290304.737"
"GI","Burning - Biomass","100","India","7245","Biomass burned (dry matter)","6796","Humid tropical forest","2004","2004","13858428.37"
"GI","Burning - Biomass","100","India","7245","Biomass burned (dry matter)","6796","Humid tropical forest","2005","2005","7946202.585"
"GI","Burning - Biomass","100","India","7245","Biomass burned (dry matter)","6796","Humid tropical forest","2006","2006","11065382.02"
"GI","Burning - Biomass","100","India","7245","Biomass burned (dry matter)","6796","Humid tropical forest","2007","2007","9130075.231"
"GI","Burning - Biomass","100","India","7245","Biomass burned (dry matter)","6796","Humid tropical forest","2008","2008","8493423.362"
"GI","Burning - Biomass","100","India","7245","Biomass burned (dry matter)","6796","Humid tropical forest","2009","2009","20234304.05"
"GI","Burning - Biomass","100","India","7245","Biomass burned (dry matter)","6796","Humid tropical forest","2010","2010","24404162.52"
"GI","Burning - Biomass","100","India","7245","Biomass burned (dry matter)","6796","Humid tropical forest","2011","2011","8497186.323"
"GI","Burning - Biomass","100","India","7245","Biomass burned (dry matter)","6796","Humid tropical forest","2012","2012","12670522.3"
"GI","Burning - Biomass","100","India","7245","Biomass burned (dry matter)","6796","Humid tropical forest","2013","2013","11981701.93"
"GI","Burning - Biomass","100","India","7245","Biomass burned (dry matter)","6796","Humid tropical forest","2014","2014","14614436.9"
"GI","Burning - Biomass","100","India","7245","Biomass burned (dry matter)","6796","Humid tropical forest","2015","2015","8641861.98"
"GI","Burning - Biomass","100","India","7245","Biomass burned (dry matter)","6796","Humid tropical forest","2016","2016","12135221.53"
"GI","Burning - Biomass","100","India","7245","Biomass burned (dry matter)","6796","Humid tropical forest","2017","2017","12135221.53"
"GI","Burning - Biomass","100","India","722911","Implied emission factor for N2O (Burning biomass)","6796","Humid tropical forest","2000","2000","0.2"
"GI","Burning - Biomass","100","India","722911","Implied emission factor for N2O (Burning biomass)","6796","Humid tropical forest","2001","2001","0.2005"
"GI","Burning - Biomass","100","India","722911","Implied emission factor for N2O (Burning biomass)","6796","Humid tropical forest","2002","2002","0.2015"
"GI","Burning - Biomass","100","India","722911","Implied emission factor for N2O (Burning biomass)","6796","Humid tropical forest","2003","2003","0.2009"
"GI","Burning - Biomass","100","India","722911","Implied emission factor for N2O (Burning biomass)","6796","Humid tropical forest","2004","2004","0.2003"
"GI","Burning - Biomass","100","India","722911","Implied emission factor for N2O (Burning biomass)","6796","Humid tropical forest","2005","2005","0.201"
"GI","Burning - Biomass","100","India","722911","Implied emission factor for N2O (Burning biomass)","6796","Humid tropical forest","2006","2006","0.2012"
"GI","Burning - Biomass","100","India","722911","Implied emission factor for N2O (Burning biomass)","6796","Humid tropical forest","2007","2007","0.2015"
"GI","Burning - Biomass","100","India","722911","Implied emission factor for N2O (Burning biomass)","6796","Humid tropical forest","2008","2008","0.2012"
"GI","Burning - Biomass","100","India","722911","Implied emission factor for N2O (Burning biomass)","6796","Humid tropical forest","2009","2009","0.2017"
"GI","Burning - Biomass","100","India","722911","Implied emission factor for N2O (Burning biomass)","6796","Humid tropical forest","2010","2010","0.2005"
"GI","Burning - Biomass","100","India","722911","Implied emission factor for N2O (Burning biomass)","6796","Humid tropical forest","2011","2011","0.2004"
"GI","Burning - Biomass","100","India","722911","Implied emission factor for N2O (Burning biomass)","6796","Humid tropical forest","2012","2012","0.2007"
"GI","Burning - Biomass","100","India","722911","Implied emission factor for N2O (Burning biomass)","6796","Humid tropical forest","2013","2013","0.2003"
"GI","Burning - Biomass","100","India","722911","Implied emission factor for N2O (Burning biomass)","6796","Humid tropical forest","2014","2014","0.2004"
"GI","Burning - Biomass","100","India","722911","Implied emission factor for N2O (Burning biomass)","6796","Humid tropical forest","2015","2015","0.201"
"GI","Burning - Biomass","100","India","722911","Implied emission factor for N2O (Burning biomass)","6796","Humid tropical forest","2016","2016","0.2013"
"GI","Burning - Biomass","100","India","722911","Implied emission factor for N2O (Burning biomass)","6796","Humid tropical forest","2017","2017","0.2013"
"GI","Burning - Biomass","100","India","722411","Implied emission factor for CH4 (Burning biomass)","6796","Humid tropical forest","2000","2000","6.8"
"GI","Burning - Biomass","100","India","722411","Implied emission factor for CH4 (Burning biomass)","6796","Humid tropical forest","2001","2001","6.7828"
"GI","Burning - Biomass","100","India","722411","Implied emission factor for CH4 (Burning biomass)","6796","Humid tropical forest","2002","2002","6.7834"
"GI","Burning - Biomass","100","India","722411","Implied emission factor for CH4 (Burning biomass)","6796","Humid tropical forest","2003","2003","6.774"
"GI","Burning - Biomass","100","India","722411","Implied emission factor for CH4 (Burning biomass)","6796","Humid tropical forest","2004","2004","6.8007"
"GI","Burning - Biomass","100","India","722411","Implied emission factor for CH4 (Burning biomass)","6796","Humid tropical forest","2005","2005","6.8015"
"GI","Burning - Biomass","100","India","722411","Implied emission factor for CH4 (Burning biomass)","6796","Humid tropical forest","2006","2006","6.7738"
"GI","Burning - Biomass","100","India","722411","Implied emission factor for CH4 (Burning biomass)","6796","Humid tropical forest","2007","2007","6.778"
"GI","Burning - Biomass","100","India","722411","Implied emission factor for CH4 (Burning biomass)","6796","Humid tropical forest","2008","2008","6.7752"
"GI","Burning - Biomass","100","India","722411","Implied emission factor for CH4 (Burning biomass)","6796","Humid tropical forest","2009","2009","6.7583"
"GI","Burning - Biomass","100","India","722411","Implied emission factor for CH4 (Burning biomass)","6796","Humid tropical forest","2010","2010","6.7876"
"GI","Burning - Biomass","100","India","722411","Implied emission factor for CH4 (Burning biomass)","6796","Humid tropical forest","2011","2011","6.7813"
"GI","Burning - Biomass","100","India","722411","Implied emission factor for CH4 (Burning biomass)","6796","Humid tropical forest","2012","2012","6.777"
"GI","Burning - Biomass","100","India","722411","Implied emission factor for CH4 (Burning biomass)","6796","Humid tropical forest","2013","2013","6.7879"
"GI","Burning - Biomass","100","India","722411","Implied emission factor for CH4 (Burning biomass)","6796","Humid tropical forest","2014","2014","6.8065"
"GI","Burning - Biomass","100","India","722411","Implied emission factor for CH4 (Burning biomass)","6796","Humid tropical forest","2015","2015","6.7751"
"GI","Burning - Biomass","100","India","722411","Implied emission factor for CH4 (Burning biomass)","6796","Humid tropical forest","2016","2016","6.8076"
"GI","Burning - Biomass","100","India","722411","Implied emission factor for CH4 (Burning biomass)","6796","Humid tropical forest","2017","2017","6.8076"
"GI","Burning - Biomass","100","India","723011","Emissions (N2O) (Burning biomass)","6796","Humid tropical forest","2000","2000","0.6298"
"GI","Burning - Biomass","100","India","723011","Emissions (N2O) (Burning biomass)","6796","Humid tropical forest","2001","2001","0.6641"
"GI","Burning - Biomass","100","India","723011","Emissions (N2O) (Burning biomass)","6796","Humid tropical forest","2002","2002","0.2907"
"GI","Burning - Biomass","100","India","723011","Emissions (N2O) (Burning biomass)","6796","Humid tropical forest","2003","2003","1.6658"
"GI","Burning - Biomass","100","India","723011","Emissions (N2O) (Burning biomass)","6796","Humid tropical forest","2004","2004","2.7762"
"GI","Burning - Biomass","100","India","723011","Emissions (N2O) (Burning biomass)","6796","Humid tropical forest","2005","2005","1.5969"
"GI","Burning - Biomass","100","India","723011","Emissions (N2O) (Burning biomass)","6796","Humid tropical forest","2006","2006","2.2268"
"GI","Burning - Biomass","100","India","723011","Emissions (N2O) (Burning biomass)","6796","Humid tropical forest","2007","2007","1.8396"
"GI","Burning - Biomass","100","India","723011","Emissions (N2O) (Burning biomass)","6796","Humid tropical forest","2008","2008","1.7089"
"GI","Burning - Biomass","100","India","723011","Emissions (N2O) (Burning biomass)","6796","Humid tropical forest","2009","2009","4.0805"
"GI","Burning - Biomass","100","India","723011","Emissions (N2O) (Burning biomass)","6796","Humid tropical forest","2010","2010","4.8931"
"GI","Burning - Biomass","100","India","723011","Emissions (N2O) (Burning biomass)","6796","Humid tropical forest","2011","2011","1.7028"
"GI","Burning - Biomass","100","India","723011","Emissions (N2O) (Burning biomass)","6796","Humid tropical forest","2012","2012","2.543"
"GI","Burning - Biomass","100","India","723011","Emissions (N2O) (Burning biomass)","6796","Humid tropical forest","2013","2013","2.4003"
"GI","Burning - Biomass","100","India","723011","Emissions (N2O) (Burning biomass)","6796","Humid tropical forest","2014","2014","2.9294"
"GI","Burning - Biomass","100","India","723011","Emissions (N2O) (Burning biomass)","6796","Humid tropical forest","2015","2015","1.7369"
"GI","Burning - Biomass","100","India","723011","Emissions (N2O) (Burning biomass)","6796","Humid tropical forest","2016","2016","2.4434"
"GI","Burning - Biomass","100","India","723011","Emissions (N2O) (Burning biomass)","6796","Humid tropical forest","2017","2017","2.4434"
"GI","Burning - Biomass","100","India","722511","Emissions (CH4) (Burning biomass)","6796","Humid tropical forest","2000","2000","21.4143"
"GI","Burning - Biomass","100","India","722511","Emissions (CH4) (Burning biomass)","6796","Humid tropical forest","2001","2001","22.4638"
"GI","Burning - Biomass","100","India","722511","Emissions (CH4) (Burning biomass)","6796","Humid tropical forest","2002","2002","9.7867"
"GI","Burning - Biomass","100","India","722511","Emissions (CH4) (Burning biomass)","6796","Humid tropical forest","2003","2003","56.1584"
"GI","Burning - Biomass","100","India","722511","Emissions (CH4) (Burning biomass)","6796","Humid tropical forest","2004","2004","94.2477"
"GI","Burning - Biomass","100","India","722511","Emissions (CH4) (Burning biomass)","6796","Humid tropical forest","2005","2005","54.0464"
"GI","Burning - Biomass","100","India","722511","Emissions (CH4) (Burning biomass)","6796","Humid tropical forest","2006","2006","74.9548"
"GI","Burning - Biomass","100","India","722511","Emissions (CH4) (Burning biomass)","6796","Humid tropical forest","2007","2007","61.8834"
"GI","Burning - Biomass","100","India","722511","Emissions (CH4) (Burning biomass)","6796","Humid tropical forest","2008","2008","57.5449"
"GI","Burning - Biomass","100","India","722511","Emissions (CH4) (Burning biomass)","6796","Humid tropical forest","2009","2009","136.7496"
"GI","Burning - Biomass","100","India","722511","Emissions (CH4) (Burning biomass)","6796","Humid tropical forest","2010","2010","165.6461"
"GI","Burning - Biomass","100","India","722511","Emissions (CH4) (Burning biomass)","6796","Humid tropical forest","2011","2011","57.6222"
"GI","Burning - Biomass","100","India","722511","Emissions (CH4) (Burning biomass)","6796","Humid tropical forest","2012","2012","85.868"
"GI","Burning - Biomass","100","India","722511","Emissions (CH4) (Burning biomass)","6796","Humid tropical forest","2013","2013","81.33"
"GI","Burning - Biomass","100","India","722511","Emissions (CH4) (Burning biomass)","6796","Humid tropical forest","2014","2014","99.4725"
"GI","Burning - Biomass","100","India","722511","Emissions (CH4) (Burning biomass)","6796","Humid tropical forest","2015","2015","58.5499"
"GI","Burning - Biomass","100","India","722511","Emissions (CH4) (Burning biomass)","6796","Humid tropical forest","2016","2016","82.6123"
"GI","Burning - Biomass","100","India","722511","Emissions (CH4) (Burning biomass)","6796","Humid tropical forest","2017","2017","82.6123"
"GI","Burning - Biomass","100","India","724311","Emissions (CO2eq) from N2O (Burning biomass)","6796","Humid tropical forest","2000","2000","195.2479"
"GI","Burning - Biomass","100","India","724311","Emissions (CO2eq) from N2O (Burning biomass)","6796","Humid tropical forest","2001","2001","205.8744"
"GI","Burning - Biomass","100","India","724311","Emissions (CO2eq) from N2O (Burning biomass)","6796","Humid tropical forest","2002","2002","90.1207"
"GI","Burning - Biomass","100","India","724311","Emissions (CO2eq) from N2O (Burning biomass)","6796","Humid tropical forest","2003","2003","516.4104"
"GI","Burning - Biomass","100","India","724311","Emissions (CO2eq) from N2O (Burning biomass)","6796","Humid tropical forest","2004","2004","860.6087"
"GI","Burning - Biomass","100","India","724311","Emissions (CO2eq) from N2O (Burning biomass)","6796","Humid tropical forest","2005","2005","495.0514"
"GI","Burning - Biomass","100","India","724311","Emissions (CO2eq) from N2O (Burning biomass)","6796","Humid tropical forest","2006","2006","690.3086"
"GI","Burning - Biomass","100","India","724311","Emissions (CO2eq) from N2O (Burning biomass)","6796","Humid tropical forest","2007","2007","570.2692"
"GI","Burning - Biomass","100","India","724311","Emissions (CO2eq) from N2O (Burning biomass)","6796","Humid tropical forest","2008","2008","529.7733"
"GI","Burning - Biomass","100","India","724311","Emissions (CO2eq) from N2O (Burning biomass)","6796","Humid tropical forest","2009","2009","1264.9522"
"GI","Burning - Biomass","100","India","724311","Emissions (CO2eq) from N2O (Burning biomass)","6796","Humid tropical forest","2010","2010","1516.8517"
"GI","Burning - Biomass","100","India","724311","Emissions (CO2eq) from N2O (Burning biomass)","6796","Humid tropical forest","2011","2011","527.8661"
"GI","Burning - Biomass","100","India","724311","Emissions (CO2eq) from N2O (Burning biomass)","6796","Humid tropical forest","2012","2012","788.3226"
"GI","Burning - Biomass","100","India","724311","Emissions (CO2eq) from N2O (Burning biomass)","6796","Humid tropical forest","2013","2013","744.0921"
"GI","Burning - Biomass","100","India","724311","Emissions (CO2eq) from N2O (Burning biomass)","6796","Humid tropical forest","2014","2014","908.1174"
"GI","Burning - Biomass","100","India","724311","Emissions (CO2eq) from N2O (Burning biomass)","6796","Humid tropical forest","2015","2015","538.4371"
"GI","Burning - Biomass","100","India","724311","Emissions (CO2eq) from N2O (Burning biomass)","6796","Humid tropical forest","2016","2016","757.4447"
"GI","Burning - Biomass","100","India","724311","Emissions (CO2eq) from N2O (Burning biomass)","6796","Humid tropical forest","2017","2017","757.4447"
"GI","Burning - Biomass","100","India","724411","Emissions (CO2eq) from CH4 (Burning biomass)","6796","Humid tropical forest","2000","2000","449.7001"
"GI","Burning - Biomass","100","India","724411","Emissions (CO2eq) from CH4 (Burning biomass)","6796","Humid tropical forest","2001","2001","471.7399"
"GI","Burning - Biomass","100","India","724411","Emissions (CO2eq) from CH4 (Burning biomass)","6796","Humid tropical forest","2002","2002","205.5212"
"GI","Burning - Biomass","100","India","724411","Emissions (CO2eq) from CH4 (Burning biomass)","6796","Humid tropical forest","2003","2003","1179.3273"
"GI","Burning - Biomass","100","India","724411","Emissions (CO2eq) from CH4 (Burning biomass)","6796","Humid tropical forest","2004","2004","1979.2007"
"GI","Burning - Biomass","100","India","724411","Emissions (CO2eq) from CH4 (Burning biomass)","6796","Humid tropical forest","2005","2005","1134.9748"
"GI","Burning - Biomass","100","India","724411","Emissions (CO2eq) from CH4 (Burning biomass)","6796","Humid tropical forest","2006","2006","1574.0517"
"GI","Burning - Biomass","100","India","724411","Emissions (CO2eq) from CH4 (Burning biomass)","6796","Humid tropical forest","2007","2007","1299.5511"
"GI","Burning - Biomass","100","India","724411","Emissions (CO2eq) from CH4 (Burning biomass)","6796","Humid tropical forest","2008","2008","1208.443"
"GI","Burning - Biomass","100","India","724411","Emissions (CO2eq) from CH4 (Burning biomass)","6796","Humid tropical forest","2009","2009","2871.7408"
"GI","Burning - Biomass","100","India","724411","Emissions (CO2eq) from CH4 (Burning biomass)","6796","Humid tropical forest","2010","2010","3478.5689"
"GI","Burning - Biomass","100","India","724411","Emissions (CO2eq) from CH4 (Burning biomass)","6796","Humid tropical forest","2011","2011","1210.0666"
"GI","Burning - Biomass","100","India","724411","Emissions (CO2eq) from CH4 (Burning biomass)","6796","Humid tropical forest","2012","2012","1803.2272"
"GI","Burning - Biomass","100","India","724411","Emissions (CO2eq) from CH4 (Burning biomass)","6796","Humid tropical forest","2013","2013","1707.9303"
"GI","Burning - Biomass","100","India","724411","Emissions (CO2eq) from CH4 (Burning biomass)","6796","Humid tropical forest","2014","2014","2088.9233"
"GI","Burning - Biomass","100","India","724411","Emissions (CO2eq) from CH4 (Burning biomass)","6796","Humid tropical forest","2015","2015","1229.5469"
"GI","Burning - Biomass","100","India","724411","Emissions (CO2eq) from CH4 (Burning biomass)","6796","Humid tropical forest","2016","2016","1734.8591"
"GI","Burning - Biomass","100","India","724411","Emissions (CO2eq) from CH4 (Burning biomass)","6796","Humid tropical forest","2017","2017","1734.8591"
"GI","Burning - Biomass","100","India","723111","Emissions (CO2eq) (Burning biomass)","6796","Humid tropical forest","2000","2000","644.948"
"GI","Burning - Biomass","100","India","723111","Emissions (CO2eq) (Burning biomass)","6796","Humid tropical forest","2001","2001","677.6143"
"GI","Burning - Biomass","100","India","723111","Emissions (CO2eq) (Burning biomass)","6796","Humid tropical forest","2002","2002","295.6419"
"GI","Burning - Biomass","100","India","723111","Emissions (CO2eq) (Burning biomass)","6796","Humid tropical forest","2003","2003","1695.7377"
"GI","Burning - Biomass","100","India","723111","Emissions (CO2eq) (Burning biomass)","6796","Humid tropical forest","2004","2004","2839.8094"
"GI","Burning - Biomass","100","India","723111","Emissions (CO2eq) (Burning biomass)","6796","Humid tropical forest","2005","2005","1630.0262"
"GI","Burning - Biomass","100","India","723111","Emissions (CO2eq) (Burning biomass)","6796","Humid tropical forest","2006","2006","2264.3603"
"GI","Burning - Biomass","100","India","723111","Emissions (CO2eq) (Burning biomass)","6796","Humid tropical forest","2007","2007","1869.8203"
"GI","Burning - Biomass","100","India","723111","Emissions (CO2eq) (Burning biomass)","6796","Humid tropical forest","2008","2008","1738.2162"
"GI","Burning - Biomass","100","India","723111","Emissions (CO2eq) (Burning biomass)","6796","Humid tropical forest","2009","2009","4136.6931"
"GI","Burning - Biomass","100","India","723111","Emissions (CO2eq) (Burning biomass)","6796","Humid tropical forest","2010","2010","4995.4206"
"GI","Burning - Biomass","100","India","723111","Emissions (CO2eq) (Burning biomass)","6796","Humid tropical forest","2011","2011","1737.9327"
"GI","Burning - Biomass","100","India","723111","Emissions (CO2eq) (Burning biomass)","6796","Humid tropical forest","2012","2012","2591.5498"
"GI","Burning - Biomass","100","India","723111","Emissions (CO2eq) (Burning biomass)","6796","Humid tropical forest","2013","2013","2452.0224"
"GI","Burning - Biomass","100","India","723111","Emissions (CO2eq) (Burning biomass)","6796","Humid tropical forest","2014","2014","2997.0407"
"GI","Burning - Biomass","100","India","723111","Emissions (CO2eq) (Burning biomass)","6796","Humid tropical forest","2015","2015","1767.9841"
"GI","Burning - Biomass","100","India","723111","Emissions (CO2eq) (Burning biomass)","6796","Humid tropical forest","2016","2016","2492.3038"
"GI","Burning - Biomass","100","India","723111","Emissions (CO2eq) (Burning biomass)","6796","Humid tropical forest","2017","2017","2492.3038"
"GI","Burning - Biomass","100","India","7246","Burned Area","6797","Other forest","2000","2000","82862.6863"
"GI","Burning - Biomass","100","India","7246","Burned Area","6797","Other forest","2001","2001","100739.3185"
"GI","Burning - Biomass","100","India","7246","Burned Area","6797","Other forest","2002","2002","64676.6603"
"GI","Burning - Biomass","100","India","7246","Burned Area","6797","Other forest","2003","2003","248166.8999"
"GI","Burning - Biomass","100","India","7246","Burned Area","6797","Other forest","2004","2004","422426.8164"
"GI","Burning - Biomass","100","India","7246","Burned Area","6797","Other forest","2005","2005","233205.19"
"GI","Burning - Biomass","100","India","7246","Burned Area","6797","Other forest","2006","2006","212404.7639"
"GI","Burning - Biomass","100","India","7246","Burned Area","6797","Other forest","2007","2007","452886.8831"
"GI","Burning - Biomass","100","India","7246","Burned Area","6797","Other forest","2008","2008","250034.4305"
"GI","Burning - Biomass","100","India","7246","Burned Area","6797","Other forest","2009","2009","906160.1518"
"GI","Burning - Biomass","100","India","7246","Burned Area","6797","Other forest","2010","2010","711829.6487"
"GI","Burning - Biomass","100","India","7246","Burned Area","6797","Other forest","2011","2011","509320.65"
"GI","Burning - Biomass","100","India","7246","Burned Area","6797","Other forest","2012","2012","1009303.647"
"GI","Burning - Biomass","100","India","7246","Burned Area","6797","Other forest","2013","2013","495110.2454"
"GI","Burning - Biomass","100","India","7246","Burned Area","6797","Other forest","2014","2014","419013.7434"
"GI","Burning - Biomass","100","India","7246","Burned Area","6797","Other forest","2015","2015","307262.4346"
"GI","Burning - Biomass","100","India","7246","Burned Area","6797","Other forest","2016","2016","402184.5028"
"GI","Burning - Biomass","100","India","7246","Burned Area","6797","Other forest","2017","2017","402184.5028"
"GI","Burning - Biomass","100","India","7245","Biomass burned (dry matter)","6797","Other forest","2000","2000","4466948.506"
"GI","Burning - Biomass","100","India","7245","Biomass burned (dry matter)","6797","Other forest","2001","2001","5421941.11"
"GI","Burning - Biomass","100","India","7245","Biomass burned (dry matter)","6797","Other forest","2002","2002","3469661.258"
"GI","Burning - Biomass","100","India","7245","Biomass burned (dry matter)","6797","Other forest","2003","2003","13222528.02"
"GI","Burning - Biomass","100","India","7245","Biomass burned (dry matter)","6797","Other forest","2004","2004","22648960.98"
"GI","Burning - Biomass","100","India","7245","Biomass burned (dry matter)","6797","Other forest","2005","2005","12512694.61"
"GI","Burning - Biomass","100","India","7245","Biomass burned (dry matter)","6797","Other forest","2006","2006","11409432.72"
"GI","Burning - Biomass","100","India","7245","Biomass burned (dry matter)","6797","Other forest","2007","2007","24409370.21"
"GI","Burning - Biomass","100","India","7245","Biomass burned (dry matter)","6797","Other forest","2008","2008","13415375.12"
"GI","Burning - Biomass","100","India","7245","Biomass burned (dry matter)","6797","Other forest","2009","2009","48540817.87"
"GI","Burning - Biomass","100","India","7245","Biomass burned (dry matter)","6797","Other forest","2010","2010","38340018.44"
"GI","Burning - Biomass","100","India","7245","Biomass burned (dry matter)","6797","Other forest","2011","2011","27498078.79"
"GI","Burning - Biomass","100","India","7245","Biomass burned (dry matter)","6797","Other forest","2012","2012","54035006.7"
"GI","Burning - Biomass","100","India","7245","Biomass burned (dry matter)","6797","Other forest","2013","2013","26712157.61"
"GI","Burning - Biomass","100","India","7245","Biomass burned (dry matter)","6797","Other forest","2014","2014","22337847.75"
"GI","Burning - Biomass","100","India","7245","Biomass burned (dry matter)","6797","Other forest","2015","2015","16499859.25"
"GI","Burning - Biomass","100","India","7245","Biomass burned (dry matter)","6797","Other forest","2016","2016","21498585.93"
"GI","Burning - Biomass","100","India","7245","Biomass burned (dry matter)","6797","Other forest","2017","2017","21498585.93"
"GI","Burning - Biomass","100","India","722911","Implied emission factor for N2O (Burning biomass)","6797","Other forest","2000","2000","0.2025"
"GI","Burning - Biomass","100","India","722911","Implied emission factor for N2O (Burning biomass)","6797","Other forest","2001","2001","0.2038"
"GI","Burning - Biomass","100","India","722911","Implied emission factor for N2O (Burning biomass)","6797","Other forest","2002","2002","0.2059"
"GI","Burning - Biomass","100","India","722911","Implied emission factor for N2O (Burning biomass)","6797","Other forest","2003","2003","0.2116"
"GI","Burning - Biomass","100","India","722911","Implied emission factor for N2O (Burning biomass)","6797","Other forest","2004","2004","0.2062"
"GI","Burning - Biomass","100","India","722911","Implied emission factor for N2O (Burning biomass)","6797","Other forest","2005","2005","0.2062"
"GI","Burning - Biomass","100","India","722911","Implied emission factor for N2O (Burning biomass)","6797","Other forest","2006","2006","0.205"
"GI","Burning - Biomass","100","India","722911","Implied emission factor for N2O (Burning biomass)","6797","Other forest","2007","2007","0.2024"
"GI","Burning - Biomass","100","India","722911","Implied emission factor for N2O (Burning biomass)","6797","Other forest","2008","2008","0.2058"
"GI","Burning - Biomass","100","India","722911","Implied emission factor for N2O (Burning biomass)","6797","Other forest","2009","2009","0.2071"
"GI","Burning - Biomass","100","India","722911","Implied emission factor for N2O (Burning biomass)","6797","Other forest","2010","2010","0.2032"
"GI","Burning - Biomass","100","India","722911","Implied emission factor for N2O (Burning biomass)","6797","Other forest","2011","2011","0.201"
"GI","Burning - Biomass","100","India","722911","Implied emission factor for N2O (Burning biomass)","6797","Other forest","2012","2012","0.2076"
"GI","Burning - Biomass","100","India","722911","Implied emission factor for N2O (Burning biomass)","6797","Other forest","2013","2013","0.2018"
"GI","Burning - Biomass","100","India","722911","Implied emission factor for N2O (Burning biomass)","6797","Other forest","2014","2014","0.2114"
"GI","Burning - Biomass","100","India","722911","Implied emission factor for N2O (Burning biomass)","6797","Other forest","2015","2015","0.2044"
"GI","Burning - Biomass","100","India","722911","Implied emission factor for N2O (Burning biomass)","6797","Other forest","2016","2016","0.2095"
"GI","Burning - Biomass","100","India","722911","Implied emission factor for N2O (Burning biomass)","6797","Other forest","2017","2017","0.2095"
"GI","Burning - Biomass","100","India","722411","Implied emission factor for CH4 (Burning biomass)","6797","Other forest","2000","2000","6.7115"
"GI","Burning - Biomass","100","India","722411","Implied emission factor for CH4 (Burning biomass)","6797","Other forest","2001","2001","6.6654"
"GI","Burning - Biomass","100","India","722411","Implied emission factor for CH4 (Burning biomass)","6797","Other forest","2002","2002","6.6047"
"GI","Burning - Biomass","100","India","722411","Implied emission factor for CH4 (Burning biomass)","6797","Other forest","2003","2003","6.4021"
"GI","Burning - Biomass","100","India","722411","Implied emission factor for CH4 (Burning biomass)","6797","Other forest","2004","2004","6.5952"
"GI","Burning - Biomass","100","India","722411","Implied emission factor for CH4 (Burning biomass)","6797","Other forest","2005","2005","6.5814"
"GI","Burning - Biomass","100","India","722411","Implied emission factor for CH4 (Burning biomass)","6797","Other forest","2006","2006","6.6305"
"GI","Burning - Biomass","100","India","722411","Implied emission factor for CH4 (Burning biomass)","6797","Other forest","2007","2007","6.7177"
"GI","Burning - Biomass","100","India","722411","Implied emission factor for CH4 (Burning biomass)","6797","Other forest","2008","2008","6.6044"
"GI","Burning - Biomass","100","India","722411","Implied emission factor for CH4 (Burning biomass)","6797","Other forest","2009","2009","6.5581"
"GI","Burning - Biomass","100","India","722411","Implied emission factor for CH4 (Burning biomass)","6797","Other forest","2010","2010","6.6809"
"GI","Burning - Biomass","100","India","722411","Implied emission factor for CH4 (Burning biomass)","6797","Other forest","2011","2011","6.7677"
"GI","Burning - Biomass","100","India","722411","Implied emission factor for CH4 (Burning biomass)","6797","Other forest","2012","2012","6.5441"
"GI","Burning - Biomass","100","India","722411","Implied emission factor for CH4 (Burning biomass)","6797","Other forest","2013","2013","6.7329"
"GI","Burning - Biomass","100","India","722411","Implied emission factor for CH4 (Burning biomass)","6797","Other forest","2014","2014","6.4051"
"GI","Burning - Biomass","100","India","722411","Implied emission factor for CH4 (Burning biomass)","6797","Other forest","2015","2015","6.6697"
"GI","Burning - Biomass","100","India","722411","Implied emission factor for CH4 (Burning biomass)","6797","Other forest","2016","2016","6.4615"
"GI","Burning - Biomass","100","India","722411","Implied emission factor for CH4 (Burning biomass)","6797","Other forest","2017","2017","6.4615"
"GI","Burning - Biomass","100","India","723011","Emissions (N2O) (Burning biomass)","6797","Other forest","2000","2000","0.9047"
"GI","Burning - Biomass","100","India","723011","Emissions (N2O) (Burning biomass)","6797","Other forest","2001","2001","1.1047"
"GI","Burning - Biomass","100","India","723011","Emissions (N2O) (Burning biomass)","6797","Other forest","2002","2002","0.7143"
"GI","Burning - Biomass","100","India","723011","Emissions (N2O) (Burning biomass)","6797","Other forest","2003","2003","2.7977"
"GI","Burning - Biomass","100","India","723011","Emissions (N2O) (Burning biomass)","6797","Other forest","2004","2004","4.6703"
"GI","Burning - Biomass","100","India","723011","Emissions (N2O) (Burning biomass)","6797","Other forest","2005","2005","2.5802"
"GI","Burning - Biomass","100","India","723011","Emissions (N2O) (Burning biomass)","6797","Other forest","2006","2006","2.3389"
"GI","Burning - Biomass","100","India","723011","Emissions (N2O) (Burning biomass)","6797","Other forest","2007","2007","4.9403"
"GI","Burning - Biomass","100","India","723011","Emissions (N2O) (Burning biomass)","6797","Other forest","2008","2008","2.7611"
"GI","Burning - Biomass","100","India","723011","Emissions (N2O) (Burning biomass)","6797","Other forest","2009","2009","10.0548"
"GI","Burning - Biomass","100","India","723011","Emissions (N2O) (Burning biomass)","6797","Other forest","2010","2010","7.7926"
"GI","Burning - Biomass","100","India","723011","Emissions (N2O) (Burning biomass)","6797","Other forest","2011","2011","5.5264"
"GI","Burning - Biomass","100","India","723011","Emissions (N2O) (Burning biomass)","6797","Other forest","2012","2012","11.216"
"GI","Burning - Biomass","100","India","723011","Emissions (N2O) (Burning biomass)","6797","Other forest","2013","2013","5.3907"
"GI","Burning - Biomass","100","India","723011","Emissions (N2O) (Burning biomass)","6797","Other forest","2014","2014","4.7213"
"GI","Burning - Biomass","100","India","723011","Emissions (N2O) (Burning biomass)","6797","Other forest","2015","2015","3.3719"
"GI","Burning - Biomass","100","India","723011","Emissions (N2O) (Burning biomass)","6797","Other forest","2016","2016","4.504"
"GI","Burning - Biomass","100","India","723011","Emissions (N2O) (Burning biomass)","6797","Other forest","2017","2017","4.504"
"GI","Burning - Biomass","100","India","722511","Emissions (CH4) (Burning biomass)","6797","Other forest","2000","2000","29.98"
"GI","Burning - Biomass","100","India","722511","Emissions (CH4) (Burning biomass)","6797","Other forest","2001","2001","36.1392"
"GI","Burning - Biomass","100","India","722511","Emissions (CH4) (Burning biomass)","6797","Other forest","2002","2002","22.9161"
"GI","Burning - Biomass","100","India","722511","Emissions (CH4) (Burning biomass)","6797","Other forest","2003","2003","84.6522"
"GI","Burning - Biomass","100","India","722511","Emissions (CH4) (Burning biomass)","6797","Other forest","2004","2004","149.3733"
"GI","Burning - Biomass","100","India","722511","Emissions (CH4) (Burning biomass)","6797","Other forest","2005","2005","82.3515"
"GI","Burning - Biomass","100","India","722511","Emissions (CH4) (Burning biomass)","6797","Other forest","2006","2006","75.6507"
"GI","Burning - Biomass","100","India","722511","Emissions (CH4) (Burning biomass)","6797","Other forest","2007","2007","163.9747"
"GI","Burning - Biomass","100","India","722511","Emissions (CH4) (Burning biomass)","6797","Other forest","2008","2008","88.601"
"GI","Burning - Biomass","100","India","722511","Emissions (CH4) (Burning biomass)","6797","Other forest","2009","2009","318.3338"
"GI","Burning - Biomass","100","India","722511","Emissions (CH4) (Burning biomass)","6797","Other forest","2010","2010","256.145"
"GI","Burning - Biomass","100","India","722511","Emissions (CH4) (Burning biomass)","6797","Other forest","2011","2011","186.0999"
"GI","Burning - Biomass","100","India","722511","Emissions (CH4) (Burning biomass)","6797","Other forest","2012","2012","353.6111"
"GI","Burning - Biomass","100","India","722511","Emissions (CH4) (Burning biomass)","6797","Other forest","2013","2013","179.8491"
"GI","Burning - Biomass","100","India","722511","Emissions (CH4) (Burning biomass)","6797","Other forest","2014","2014","143.076"
"GI","Burning - Biomass","100","India","722511","Emissions (CH4) (Burning biomass)","6797","Other forest","2015","2015","110.0493"
"GI","Burning - Biomass","100","India","722511","Emissions (CH4) (Burning biomass)","6797","Other forest","2016","2016","138.9129"
"GI","Burning - Biomass","100","India","722511","Emissions (CH4) (Burning biomass)","6797","Other forest","2017","2017","138.9129"
"GI","Burning - Biomass","100","India","724311","Emissions (CO2eq) from N2O (Burning biomass)","6797","Other forest","2000","2000","280.4517"
"GI","Burning - Biomass","100","India","724311","Emissions (CO2eq) from N2O (Burning biomass)","6797","Other forest","2001","2001","342.4725"
"GI","Burning - Biomass","100","India","724311","Emissions (CO2eq) from N2O (Burning biomass)","6797","Other forest","2002","2002","221.419"
"GI","Burning - Biomass","100","India","724311","Emissions (CO2eq) from N2O (Burning biomass)","6797","Other forest","2003","2003","867.3003"
"GI","Burning - Biomass","100","India","724311","Emissions (CO2eq) from N2O (Burning biomass)","6797","Other forest","2004","2004","1447.7899"
"GI","Burning - Biomass","100","India","724311","Emissions (CO2eq) from N2O (Burning biomass)","6797","Other forest","2005","2005","799.8707"
"GI","Burning - Biomass","100","India","724311","Emissions (CO2eq) from N2O (Burning biomass)","6797","Other forest","2006","2006","725.046"
"GI","Burning - Biomass","100","India","724311","Emissions (CO2eq) from N2O (Burning biomass)","6797","Other forest","2007","2007","1531.4949"
"GI","Burning - Biomass","100","India","724311","Emissions (CO2eq) from N2O (Burning biomass)","6797","Other forest","2008","2008","855.937"
"GI","Burning - Biomass","100","India","724311","Emissions (CO2eq) from N2O (Burning biomass)","6797","Other forest","2009","2009","3116.9936"
"GI","Burning - Biomass","100","India","724311","Emissions (CO2eq) from N2O (Burning biomass)","6797","Other forest","2010","2010","2415.6989"
"GI","Burning - Biomass","100","India","724311","Emissions (CO2eq) from N2O (Burning biomass)","6797","Other forest","2011","2011","1713.1902"
"GI","Burning - Biomass","100","India","724311","Emissions (CO2eq) from N2O (Burning biomass)","6797","Other forest","2012","2012","3476.9541"
"GI","Burning - Biomass","100","India","724311","Emissions (CO2eq) from N2O (Burning biomass)","6797","Other forest","2013","2013","1671.1083"
"GI","Burning - Biomass","100","India","724311","Emissions (CO2eq) from N2O (Burning biomass)","6797","Other forest","2014","2014","1463.5903"
"GI","Burning - Biomass","100","India","724311","Emissions (CO2eq) from N2O (Burning biomass)","6797","Other forest","2015","2015","1045.2989"
"GI","Burning - Biomass","100","India","724311","Emissions (CO2eq) from N2O (Burning biomass)","6797","Other forest","2016","2016","1396.253"
"GI","Burning - Biomass","100","India","724311","Emissions (CO2eq) from N2O (Burning biomass)","6797","Other forest","2017","2017","1396.253"
"GI","Burning - Biomass","100","India","724411","Emissions (CO2eq) from CH4 (Burning biomass)","6797","Other forest","2000","2000","629.5797"
"GI","Burning - Biomass","100","India","724411","Emissions (CO2eq) from CH4 (Burning biomass)","6797","Other forest","2001","2001","758.9236"
"GI","Burning - Biomass","100","India","724411","Emissions (CO2eq) from CH4 (Burning biomass)","6797","Other forest","2002","2002","481.2385"
"GI","Burning - Biomass","100","India","724411","Emissions (CO2eq) from CH4 (Burning biomass)","6797","Other forest","2003","2003","1777.6953"
"GI","Burning - Biomass","100","India","724411","Emissions (CO2eq) from CH4 (Burning biomass)","6797","Other forest","2004","2004","3136.8402"
"GI","Burning - Biomass","100","India","724411","Emissions (CO2eq) from CH4 (Burning biomass)","6797","Other forest","2005","2005","1729.3816"
"GI","Burning - Biomass","100","India","724411","Emissions (CO2eq) from CH4 (Burning biomass)","6797","Other forest","2006","2006","1588.6656"
"GI","Burning - Biomass","100","India","724411","Emissions (CO2eq) from CH4 (Burning biomass)","6797","Other forest","2007","2007","3443.4678"
"GI","Burning - Biomass","100","India","724411","Emissions (CO2eq) from CH4 (Burning biomass)","6797","Other forest","2008","2008","1860.6216"
"GI","Burning - Biomass","100","India","724411","Emissions (CO2eq) from CH4 (Burning biomass)","6797","Other forest","2009","2009","6685.01"
"GI","Burning - Biomass","100","India","724411","Emissions (CO2eq) from CH4 (Burning biomass)","6797","Other forest","2010","2010","5379.0442"
"GI","Burning - Biomass","100","India","724411","Emissions (CO2eq) from CH4 (Burning biomass)","6797","Other forest","2011","2011","3908.0973"
"GI","Burning - Biomass","100","India","724411","Emissions (CO2eq) from CH4 (Burning biomass)","6797","Other forest","2012","2012","7425.8338"
"GI","Burning - Biomass","100","India","724411","Emissions (CO2eq) from CH4 (Burning biomass)","6797","Other forest","2013","2013","3776.8321"
"GI","Burning - Biomass","100","India","724411","Emissions (CO2eq) from CH4 (Burning biomass)","6797","Other forest","2014","2014","3004.5951"
"GI","Burning - Biomass","100","India","724411","Emissions (CO2eq) from CH4 (Burning biomass)","6797","Other forest","2015","2015","2311.0362"
"GI","Burning - Biomass","100","India","724411","Emissions (CO2eq) from CH4 (Burning biomass)","6797","Other forest","2016","2016","2917.1717"
"GI","Burning - Biomass","100","India","724411","Emissions (CO2eq) from CH4 (Burning biomass)","6797","Other forest","2017","2017","2917.1717"
"GI","Burning - Biomass","100","India","723111","Emissions (CO2eq) (Burning biomass)","6797","Other forest","2000","2000","910.0314"
"GI","Burning - Biomass","100","India","723111","Emissions (CO2eq) (Burning biomass)","6797","Other forest","2001","2001","1101.3961"
"GI","Burning - Biomass","100","India","723111","Emissions (CO2eq) (Burning biomass)","6797","Other forest","2002","2002","702.6575"
"GI","Burning - Biomass","100","India","723111","Emissions (CO2eq) (Burning biomass)","6797","Other forest","2003","2003","2644.9956"
"GI","Burning - Biomass","100","India","723111","Emissions (CO2eq) (Burning biomass)","6797","Other forest","2004","2004","4584.6301"
"GI","Burning - Biomass","100","India","723111","Emissions (CO2eq) (Burning biomass)","6797","Other forest","2005","2005","2529.2523"
"GI","Burning - Biomass","100","India","723111","Emissions (CO2eq) (Burning biomass)","6797","Other forest","2006","2006","2313.7115"
"GI","Burning - Biomass","100","India","723111","Emissions (CO2eq) (Burning biomass)","6797","Other forest","2007","2007","4974.9626"
"GI","Burning - Biomass","100","India","723111","Emissions (CO2eq) (Burning biomass)","6797","Other forest","2008","2008","2716.5585"
"GI","Burning - Biomass","100","India","723111","Emissions (CO2eq) (Burning biomass)","6797","Other forest","2009","2009","9802.0036"
"GI","Burning - Biomass","100","India","723111","Emissions (CO2eq) (Burning biomass)","6797","Other forest","2010","2010","7794.743"
"GI","Burning - Biomass","100","India","723111","Emissions (CO2eq) (Burning biomass)","6797","Other forest","2011","2011","5621.2875"
"GI","Burning - Biomass","100","India","723111","Emissions (CO2eq) (Burning biomass)","6797","Other forest","2012","2012","10902.7879"
"GI","Burning - Biomass","100","India","723111","Emissions (CO2eq) (Burning biomass)","6797","Other forest","2013","2013","5447.9404"
"GI","Burning - Biomass","100","India","723111","Emissions (CO2eq) (Burning biomass)","6797","Other forest","2014","2014","4468.1854"
"GI","Burning - Biomass","100","India","723111","Emissions (CO2eq) (Burning biomass)","6797","Other forest","2015","2015","3356.3351"
"GI","Burning - Biomass","100","India","723111","Emissions (CO2eq) (Burning biomass)","6797","Other forest","2016","2016","4313.4247"
"GI","Burning - Biomass","100","India","723111","Emissions (CO2eq) (Burning biomass)","6797","Other forest","2017","2017","4313.4247"
"GI","Burning - Biomass","100","India","7246","Burned Area","6726","Organic soils","2000","2000","14.4783"
"GI","Burning - Biomass","100","India","7246","Burned Area","6726","Organic soils","2001","2001","2.1466"
"GI","Burning - Biomass","100","India","7246","Burned Area","6726","Organic soils","2002","2002","0"
"GI","Burning - Biomass","100","India","7246","Burned Area","6726","Organic soils","2003","2003","36.4919"
"GI","Burning - Biomass","100","India","7246","Burned Area","6726","Organic soils","2004","2004","4.2932"
"GI","Burning - Biomass","100","India","7246","Burned Area","6726","Organic soils","2005","2005","0"
"GI","Burning - Biomass","100","India","7246","Burned Area","6726","Organic soils","2006","2006","10.7329"
"GI","Burning - Biomass","100","India","7246","Burned Area","6726","Organic soils","2007","2007","2.1466"
"GI","Burning - Biomass","100","India","7246","Burned Area","6726","Organic soils","2008","2008","2.1466"
"GI","Burning - Biomass","100","India","7246","Burned Area","6726","Organic soils","2009","2009","6.4397"
"GI","Burning - Biomass","100","India","7246","Burned Area","6726","Organic soils","2010","2010","19.3192"
"GI","Burning - Biomass","100","India","7246","Burned Area","6726","Organic soils","2011","2011","23.6124"
"GI","Burning - Biomass","100","India","7246","Burned Area","6726","Organic soils","2012","2012","15.0261"
"GI","Burning - Biomass","100","India","7246","Burned Area","6726","Organic soils","2013","2013","47.2248"
"GI","Burning - Biomass","100","India","7246","Burned Area","6726","Organic soils","2014","2014","107.329"
"GI","Burning - Biomass","100","India","7246","Burned Area","6726","Organic soils","2015","2015","98.7427"
"GI","Burning - Biomass","100","India","7246","Burned Area","6726","Organic soils","2016","2016","425.0242"
"GI","Burning - Biomass","100","India","7246","Burned Area","6726","Organic soils","2017","2017","425.0242"
"GI","Burning - Biomass","100","India","7245","Biomass burned (dry matter)","6726","Organic soils","2000","2000","5110.8338"
"GI","Burning - Biomass","100","India","7245","Biomass burned (dry matter)","6726","Organic soils","2001","2001","757.7427"
"GI","Burning - Biomass","100","India","7245","Biomass burned (dry matter)","6726","Organic soils","2002","2002","0"
"GI","Burning - Biomass","100","India","7245","Biomass burned (dry matter)","6726","Organic soils","2003","2003","12881.6266"
"GI","Burning - Biomass","100","India","7245","Biomass burned (dry matter)","6726","Organic soils","2004","2004","1515.4855"
"GI","Burning - Biomass","100","India","7245","Biomass burned (dry matter)","6726","Organic soils","2005","2005","0"
"GI","Burning - Biomass","100","India","7245","Biomass burned (dry matter)","6726","Organic soils","2006","2006","3788.7137"
"GI","Burning - Biomass","100","India","7245","Biomass burned (dry matter)","6726","Organic soils","2007","2007","757.7427"
"GI","Burning - Biomass","100","India","7245","Biomass burned (dry matter)","6726","Organic soils","2008","2008","757.7427"
"GI","Burning - Biomass","100","India","7245","Biomass burned (dry matter)","6726","Organic soils","2009","2009","2273.2282"
"GI","Burning - Biomass","100","India","7245","Biomass burned (dry matter)","6726","Organic soils","2010","2010","6819.6847"
"GI","Burning - Biomass","100","India","7245","Biomass burned (dry matter)","6726","Organic soils","2011","2011","8335.1701"
"GI","Burning - Biomass","100","India","7245","Biomass burned (dry matter)","6726","Organic soils","2012","2012","5304.1992"
"GI","Burning - Biomass","100","India","7245","Biomass burned (dry matter)","6726","Organic soils","2013","2013","16670.3403"
"GI","Burning - Biomass","100","India","7245","Biomass burned (dry matter)","6726","Organic soils","2014","2014","37887.1511"
"GI","Burning - Biomass","100","India","7245","Biomass burned (dry matter)","6726","Organic soils","2015","2015","34856.166"
"GI","Burning - Biomass","100","India","7245","Biomass burned (dry matter)","6726","Organic soils","2016","2016","150033.5285"
"GI","Burning - Biomass","100","India","7245","Biomass burned (dry matter)","6726","Organic soils","2017","2017","150033.5285"
"GI","Burning - Biomass","100","India","722911","Implied emission factor for N2O (Burning biomass)","6726","Organic soils","2000","2000","0.2"
"GI","Burning - Biomass","100","India","722911","Implied emission factor for N2O (Burning biomass)","6726","Organic soils","2001","2001","0.198"
"GI","Burning - Biomass","100","India","722911","Implied emission factor for N2O (Burning biomass)","6726","Organic soils","2003","2003","0.198"
"GI","Burning - Biomass","100","India","722911","Implied emission factor for N2O (Burning biomass)","6726","Organic soils","2004","2004","0.198"
"GI","Burning - Biomass","100","India","722911","Implied emission factor for N2O (Burning biomass)","6726","Organic soils","2006","2006","0.198"
"GI","Burning - Biomass","100","India","722911","Implied emission factor for N2O (Burning biomass)","6726","Organic soils","2007","2007","0.198"
"GI","Burning - Biomass","100","India","722911","Implied emission factor for N2O (Burning biomass)","6726","Organic soils","2008","2008","0.198"
"GI","Burning - Biomass","100","India","722911","Implied emission factor for N2O (Burning biomass)","6726","Organic soils","2009","2009","0.198"
"GI","Burning - Biomass","100","India","722911","Implied emission factor for N2O (Burning biomass)","6726","Organic soils","2010","2010","0.198"
"GI","Burning - Biomass","100","India","722911","Implied emission factor for N2O (Burning biomass)","6726","Organic soils","2011","2011","0.198"
"GI","Burning - Biomass","100","India","722911","Implied emission factor for N2O (Burning biomass)","6726","Organic soils","2012","2012","0.198"
"GI","Burning - Biomass","100","India","722911","Implied emission factor for N2O (Burning biomass)","6726","Organic soils","2013","2013","0.198"
"GI","Burning - Biomass","100","India","722911","Implied emission factor for N2O (Burning biomass)","6726","Organic soils","2014","2014","0.198"
"GI","Burning - Biomass","100","India","722911","Implied emission factor for N2O (Burning biomass)","6726","Organic soils","2015","2015","0.198"
"GI","Burning - Biomass","100","India","722911","Implied emission factor for N2O (Burning biomass)","6726","Organic soils","2016","2016","0.198"
"GI","Burning - Biomass","100","India","722911","Implied emission factor for N2O (Burning biomass)","6726","Organic soils","2017","2017","0.198"
"GI","Burning - Biomass","100","India","722411","Implied emission factor for CH4 (Burning biomass)","6726","Organic soils","2000","2000","20.7999"
"GI","Burning - Biomass","100","India","722411","Implied emission factor for CH4 (Burning biomass)","6726","Organic soils","2001","2001","20.7986"
"GI","Burning - Biomass","100","India","722411","Implied emission factor for CH4 (Burning biomass)","6726","Organic soils","2003","2003","20.7986"
"GI","Burning - Biomass","100","India","722411","Implied emission factor for CH4 (Burning biomass)","6726","Organic soils","2004","2004","20.7986"
"GI","Burning - Biomass","100","India","722411","Implied emission factor for CH4 (Burning biomass)","6726","Organic soils","2006","2006","20.7986"
"GI","Burning - Biomass","100","India","722411","Implied emission factor for CH4 (Burning biomass)","6726","Organic soils","2007","2007","20.7986"
"GI","Burning - Biomass","100","India","722411","Implied emission factor for CH4 (Burning biomass)","6726","Organic soils","2008","2008","20.7986"
"GI","Burning - Biomass","100","India","722411","Implied emission factor for CH4 (Burning biomass)","6726","Organic soils","2009","2009","20.7986"
"GI","Burning - Biomass","100","India","722411","Implied emission factor for CH4 (Burning biomass)","6726","Organic soils","2010","2010","20.7986"
"GI","Burning - Biomass","100","India","722411","Implied emission factor for CH4 (Burning biomass)","6726","Organic soils","2011","2011","20.7986"
"GI","Burning - Biomass","100","India","722411","Implied emission factor for CH4 (Burning biomass)","6726","Organic soils","2012","2012","20.7986"
"GI","Burning - Biomass","100","India","722411","Implied emission factor for CH4 (Burning biomass)","6726","Organic soils","2013","2013","20.7986"
"GI","Burning - Biomass","100","India","722411","Implied emission factor for CH4 (Burning biomass)","6726","Organic soils","2014","2014","20.7986"
"GI","Burning - Biomass","100","India","722411","Implied emission factor for CH4 (Burning biomass)","6726","Organic soils","2015","2015","20.7986"
"GI","Burning - Biomass","100","India","722411","Implied emission factor for CH4 (Burning biomass)","6726","Organic soils","2016","2016","20.7986"
"GI","Burning - Biomass","100","India","722411","Implied emission factor for CH4 (Burning biomass)","6726","Organic soils","2017","2017","20.7986"
"GI","Burning - Biomass","100","India","719511","Implied emission factor for CO2","6726","Organic soils","2000","2000","1703"
"GI","Burning - Biomass","100","India","719511","Implied emission factor for CO2","6726","Organic soils","2001","2001","1702.9922"
"GI","Burning - Biomass","100","India","719511","Implied emission factor for CO2","6726","Organic soils","2003","2003","1702.9922"
"GI","Burning - Biomass","100","India","719511","Implied emission factor for CO2","6726","Organic soils","2004","2004","1702.9922"
"GI","Burning - Biomass","100","India","719511","Implied emission factor for CO2","6726","Organic soils","2006","2006","1702.9922"
"GI","Burning - Biomass","100","India","719511","Implied emission factor for CO2","6726","Organic soils","2007","2007","1702.9922"
"GI","Burning - Biomass","100","India","719511","Implied emission factor for CO2","6726","Organic soils","2008","2008","1702.9922"
"GI","Burning - Biomass","100","India","719511","Implied emission factor for CO2","6726","Organic soils","2009","2009","1702.9922"
"GI","Burning - Biomass","100","India","719511","Implied emission factor for CO2","6726","Organic soils","2010","2010","1702.9922"
"GI","Burning - Biomass","100","India","719511","Implied emission factor for CO2","6726","Organic soils","2011","2011","1702.9922"
"GI","Burning - Biomass","100","India","719511","Implied emission factor for CO2","6726","Organic soils","2012","2012","1702.9922"
"GI","Burning - Biomass","100","India","719511","Implied emission factor for CO2","6726","Organic soils","2013","2013","1702.9922"
"GI","Burning - Biomass","100","India","719511","Implied emission factor for CO2","6726","Organic soils","2014","2014","1702.9929"
"GI","Burning - Biomass","100","India","719511","Implied emission factor for CO2","6726","Organic soils","2015","2015","1702.9922"
"GI","Burning - Biomass","100","India","719511","Implied emission factor for CO2","6726","Organic soils","2016","2016","1702.9979"
"GI","Burning - Biomass","100","India","719511","Implied emission factor for CO2","6726","Organic soils","2017","2017","1702.9979"
"GI","Burning - Biomass","100","India","723011","Emissions (N2O) (Burning biomass)","6726","Organic soils","2000","2000","0.001"
"GI","Burning - Biomass","100","India","723011","Emissions (N2O) (Burning biomass)","6726","Organic soils","2001","2001","0.0001"
"GI","Burning - Biomass","100","India","723011","Emissions (N2O) (Burning biomass)","6726","Organic soils","2002","2002","0"
"GI","Burning - Biomass","100","India","723011","Emissions (N2O) (Burning biomass)","6726","Organic soils","2003","2003","0.0026"
"GI","Burning - Biomass","100","India","723011","Emissions (N2O) (Burning biomass)","6726","Organic soils","2004","2004","0.0003"
"GI","Burning - Biomass","100","India","723011","Emissions (N2O) (Burning biomass)","6726","Organic soils","2005","2005","0"
"GI","Burning - Biomass","100","India","723011","Emissions (N2O) (Burning biomass)","6726","Organic soils","2006","2006","0.0008"
"GI","Burning - Biomass","100","India","723011","Emissions (N2O) (Burning biomass)","6726","Organic soils","2007","2007","0.0001"
"GI","Burning - Biomass","100","India","723011","Emissions (N2O) (Burning biomass)","6726","Organic soils","2008","2008","0.0001"
"GI","Burning - Biomass","100","India","723011","Emissions (N2O) (Burning biomass)","6726","Organic soils","2009","2009","0.0005"
"GI","Burning - Biomass","100","India","723011","Emissions (N2O) (Burning biomass)","6726","Organic soils","2010","2010","0.0014"
"GI","Burning - Biomass","100","India","723011","Emissions (N2O) (Burning biomass)","6726","Organic soils","2011","2011","0.0017"
"GI","Burning - Biomass","100","India","723011","Emissions (N2O) (Burning biomass)","6726","Organic soils","2012","2012","0.0011"
"GI","Burning - Biomass","100","India","723011","Emissions (N2O) (Burning biomass)","6726","Organic soils","2013","2013","0.0033"
"GI","Burning - Biomass","100","India","723011","Emissions (N2O) (Burning biomass)","6726","Organic soils","2014","2014","0.0075"
"GI","Burning - Biomass","100","India","723011","Emissions (N2O) (Burning biomass)","6726","Organic soils","2015","2015","0.0069"
"GI","Burning - Biomass","100","India","723011","Emissions (N2O) (Burning biomass)","6726","Organic soils","2016","2016","0.0297"
"GI","Burning - Biomass","100","India","723011","Emissions (N2O) (Burning biomass)","6726","Organic soils","2017","2017","0.0297"
"GI","Burning - Biomass","100","India","722511","Emissions (CH4) (Burning biomass)","6726","Organic soils","2000","2000","0.1063"
"GI","Burning - Biomass","100","India","722511","Emissions (CH4) (Burning biomass)","6726","Organic soils","2001","2001","0.0158"
"GI","Burning - Biomass","100","India","722511","Emissions (CH4) (Burning biomass)","6726","Organic soils","2002","2002","0"
"GI","Burning - Biomass","100","India","722511","Emissions (CH4) (Burning biomass)","6726","Organic soils","2003","2003","0.2679"
"GI","Burning - Biomass","100","India","722511","Emissions (CH4) (Burning biomass)","6726","Organic soils","2004","2004","0.0315"
"GI","Burning - Biomass","100","India","722511","Emissions (CH4) (Burning biomass)","6726","Organic soils","2005","2005","0"
"GI","Burning - Biomass","100","India","722511","Emissions (CH4) (Burning biomass)","6726","Organic soils","2006","2006","0.0788"
"GI","Burning - Biomass","100","India","722511","Emissions (CH4) (Burning biomass)","6726","Organic soils","2007","2007","0.0158"
"GI","Burning - Biomass","100","India","722511","Emissions (CH4) (Burning biomass)","6726","Organic soils","2008","2008","0.0158"
"GI","Burning - Biomass","100","India","722511","Emissions (CH4) (Burning biomass)","6726","Organic soils","2009","2009","0.0473"
"GI","Burning - Biomass","100","India","722511","Emissions (CH4) (Burning biomass)","6726","Organic soils","2010","2010","0.1418"
"GI","Burning - Biomass","100","India","722511","Emissions (CH4) (Burning biomass)","6726","Organic soils","2011","2011","0.1734"
"GI","Burning - Biomass","100","India","722511","Emissions (CH4) (Burning biomass)","6726","Organic soils","2012","2012","0.1103"
"GI","Burning - Biomass","100","India","722511","Emissions (CH4) (Burning biomass)","6726","Organic soils","2013","2013","0.3467"
"GI","Burning - Biomass","100","India","722511","Emissions (CH4) (Burning biomass)","6726","Organic soils","2014","2014","0.788"
"GI","Burning - Biomass","100","India","722511","Emissions (CH4) (Burning biomass)","6726","Organic soils","2015","2015","0.725"
"GI","Burning - Biomass","100","India","722511","Emissions (CH4) (Burning biomass)","6726","Organic soils","2016","2016","3.1205"
"GI","Burning - Biomass","100","India","722511","Emissions (CH4) (Burning biomass)","6726","Organic soils","2017","2017","3.1205"
"GI","Burning - Biomass","100","India","724311","Emissions (CO2eq) from N2O (Burning biomass)","6726","Organic soils","2000","2000","0.3168"
"GI","Burning - Biomass","100","India","724311","Emissions (CO2eq) from N2O (Burning biomass)","6726","Organic soils","2001","2001","0.0465"
"GI","Burning - Biomass","100","India","724311","Emissions (CO2eq) from N2O (Burning biomass)","6726","Organic soils","2002","2002","0"
"GI","Burning - Biomass","100","India","724311","Emissions (CO2eq) from N2O (Burning biomass)","6726","Organic soils","2003","2003","0.7905"
"GI","Burning - Biomass","100","India","724311","Emissions (CO2eq) from N2O (Burning biomass)","6726","Organic soils","2004","2004","0.093"
"GI","Burning - Biomass","100","India","724311","Emissions (CO2eq) from N2O (Burning biomass)","6726","Organic soils","2005","2005","0"
"GI","Burning - Biomass","100","India","724311","Emissions (CO2eq) from N2O (Burning biomass)","6726","Organic soils","2006","2006","0.2325"
"GI","Burning - Biomass","100","India","724311","Emissions (CO2eq) from N2O (Burning biomass)","6726","Organic soils","2007","2007","0.0465"
"GI","Burning - Biomass","100","India","724311","Emissions (CO2eq) from N2O (Burning biomass)","6726","Organic soils","2008","2008","0.0465"
"GI","Burning - Biomass","100","India","724311","Emissions (CO2eq) from N2O (Burning biomass)","6726","Organic soils","2009","2009","0.1395"
"GI","Burning - Biomass","100","India","724311","Emissions (CO2eq) from N2O (Burning biomass)","6726","Organic soils","2010","2010","0.4185"
"GI","Burning - Biomass","100","India","724311","Emissions (CO2eq) from N2O (Burning biomass)","6726","Organic soils","2011","2011","0.5115"
"GI","Burning - Biomass","100","India","724311","Emissions (CO2eq) from N2O (Burning biomass)","6726","Organic soils","2012","2012","0.3255"
"GI","Burning - Biomass","100","India","724311","Emissions (CO2eq) from N2O (Burning biomass)","6726","Organic soils","2013","2013","1.023"
"GI","Burning - Biomass","100","India","724311","Emissions (CO2eq) from N2O (Burning biomass)","6726","Organic soils","2014","2014","2.325"
"GI","Burning - Biomass","100","India","724311","Emissions (CO2eq) from N2O (Burning biomass)","6726","Organic soils","2015","2015","2.139"
"GI","Burning - Biomass","100","India","724311","Emissions (CO2eq) from N2O (Burning biomass)","6726","Organic soils","2016","2016","9.207"
"GI","Burning - Biomass","100","India","724311","Emissions (CO2eq) from N2O (Burning biomass)","6726","Organic soils","2017","2017","9.207"
"GI","Burning - Biomass","100","India","724411","Emissions (CO2eq) from CH4 (Burning biomass)","6726","Organic soils","2000","2000","2.2324"
"GI","Burning - Biomass","100","India","724411","Emissions (CO2eq) from CH4 (Burning biomass)","6726","Organic soils","2001","2001","0.331"
"GI","Burning - Biomass","100","India","724411","Emissions (CO2eq) from CH4 (Burning biomass)","6726","Organic soils","2002","2002","0"
"GI","Burning - Biomass","100","India","724411","Emissions (CO2eq) from CH4 (Burning biomass)","6726","Organic soils","2003","2003","5.6263"
"GI","Burning - Biomass","100","India","724411","Emissions (CO2eq) from CH4 (Burning biomass)","6726","Organic soils","2004","2004","0.6619"
"GI","Burning - Biomass","100","India","724411","Emissions (CO2eq) from CH4 (Burning biomass)","6726","Organic soils","2005","2005","0"
"GI","Burning - Biomass","100","India","724411","Emissions (CO2eq) from CH4 (Burning biomass)","6726","Organic soils","2006","2006","1.6548"
"GI","Burning - Biomass","100","India","724411","Emissions (CO2eq) from CH4 (Burning biomass)","6726","Organic soils","2007","2007","0.331"
"GI","Burning - Biomass","100","India","724411","Emissions (CO2eq) from CH4 (Burning biomass)","6726","Organic soils","2008","2008","0.331"
"GI","Burning - Biomass","100","India","724411","Emissions (CO2eq) from CH4 (Burning biomass)","6726","Organic soils","2009","2009","0.9929"
"GI","Burning - Biomass","100","India","724411","Emissions (CO2eq) from CH4 (Burning biomass)","6726","Organic soils","2010","2010","2.9786"
"GI","Burning - Biomass","100","India","724411","Emissions (CO2eq) from CH4 (Burning biomass)","6726","Organic soils","2011","2011","3.6406"
"GI","Burning - Biomass","100","India","724411","Emissions (CO2eq) from CH4 (Burning biomass)","6726","Organic soils","2012","2012","2.3167"
"GI","Burning - Biomass","100","India","724411","Emissions (CO2eq) from CH4 (Burning biomass)","6726","Organic soils","2013","2013","7.2811"
"GI","Burning - Biomass","100","India","724411","Emissions (CO2eq) from CH4 (Burning biomass)","6726","Organic soils","2014","2014","16.548"
"GI","Burning - Biomass","100","India","724411","Emissions (CO2eq) from CH4 (Burning biomass)","6726","Organic soils","2015","2015","15.2242"
"GI","Burning - Biomass","100","India","724411","Emissions (CO2eq) from CH4 (Burning biomass)","6726","Organic soils","2016","2016","65.5301"
"GI","Burning - Biomass","100","India","724411","Emissions (CO2eq) from CH4 (Burning biomass)","6726","Organic soils","2017","2017","65.5301"
"GI","Burning - Biomass","100","India","719411","Emissions (CO2) (Burning biomass)","6726","Organic soils","2000","2000","8.7037"
"GI","Burning - Biomass","100","India","719411","Emissions (CO2) (Burning biomass)","6726","Organic soils","2001","2001","1.2904"
"GI","Burning - Biomass","100","India","719411","Emissions (CO2) (Burning biomass)","6726","Organic soils","2002","2002","0"
"GI","Burning - Biomass","100","India","719411","Emissions (CO2) (Burning biomass)","6726","Organic soils","2003","2003","21.9373"
"GI","Burning - Biomass","100","India","719411","Emissions (CO2) (Burning biomass)","6726","Organic soils","2004","2004","2.5809"
"GI","Burning - Biomass","100","India","719411","Emissions (CO2) (Burning biomass)","6726","Organic soils","2005","2005","0"
"GI","Burning - Biomass","100","India","719411","Emissions (CO2) (Burning biomass)","6726","Organic soils","2006","2006","6.4521"
"GI","Burning - Biomass","100","India","719411","Emissions (CO2) (Burning biomass)","6726","Organic soils","2007","2007","1.2904"
"GI","Burning - Biomass","100","India","719411","Emissions (CO2) (Burning biomass)","6726","Organic soils","2008","2008","1.2904"
"GI","Burning - Biomass","100","India","719411","Emissions (CO2) (Burning biomass)","6726","Organic soils","2009","2009","3.8713"
"GI","Burning - Biomass","100","India","719411","Emissions (CO2) (Burning biomass)","6726","Organic soils","2010","2010","11.6139"
"GI","Burning - Biomass","100","India","719411","Emissions (CO2) (Burning biomass)","6726","Organic soils","2011","2011","14.1947"
"GI","Burning - Biomass","100","India","719411","Emissions (CO2) (Burning biomass)","6726","Organic soils","2012","2012","9.033"
"GI","Burning - Biomass","100","India","719411","Emissions (CO2) (Burning biomass)","6726","Organic soils","2013","2013","28.3895"
"GI","Burning - Biomass","100","India","719411","Emissions (CO2) (Burning biomass)","6726","Organic soils","2014","2014","64.5216"
"GI","Burning - Biomass","100","India","719411","Emissions (CO2) (Burning biomass)","6726","Organic soils","2015","2015","59.3598"
"GI","Burning - Biomass","100","India","719411","Emissions (CO2) (Burning biomass)","6726","Organic soils","2016","2016","255.5068"
"GI","Burning - Biomass","100","India","719411","Emissions (CO2) (Burning biomass)","6726","Organic soils","2017","2017","255.5068"
"GI","Burning - Biomass","100","India","723111","Emissions (CO2eq) (Burning biomass)","6726","Organic soils","2000","2000","11.253"
"GI","Burning - Biomass","100","India","723111","Emissions (CO2eq) (Burning biomass)","6726","Organic soils","2001","2001","1.6679"
"GI","Burning - Biomass","100","India","723111","Emissions (CO2eq) (Burning biomass)","6726","Organic soils","2002","2002","0"
"GI","Burning - Biomass","100","India","723111","Emissions (CO2eq) (Burning biomass)","6726","Organic soils","2003","2003","28.3541"
"GI","Burning - Biomass","100","India","723111","Emissions (CO2eq) (Burning biomass)","6726","Organic soils","2004","2004","3.3358"
"GI","Burning - Biomass","100","India","723111","Emissions (CO2eq) (Burning biomass)","6726","Organic soils","2005","2005","0"
"GI","Burning - Biomass","100","India","723111","Emissions (CO2eq) (Burning biomass)","6726","Organic soils","2006","2006","8.3394"
"GI","Burning - Biomass","100","India","723111","Emissions (CO2eq) (Burning biomass)","6726","Organic soils","2007","2007","1.6679"
"GI","Burning - Biomass","100","India","723111","Emissions (CO2eq) (Burning biomass)","6726","Organic soils","2008","2008","1.6679"
"GI","Burning - Biomass","100","India","723111","Emissions (CO2eq) (Burning biomass)","6726","Organic soils","2009","2009","5.0037"
"GI","Burning - Biomass","100","India","723111","Emissions (CO2eq) (Burning biomass)","6726","Organic soils","2010","2010","15.011"
"GI","Burning - Biomass","100","India","723111","Emissions (CO2eq) (Burning biomass)","6726","Organic soils","2011","2011","18.3468"
"GI","Burning - Biomass","100","India","723111","Emissions (CO2eq) (Burning biomass)","6726","Organic soils","2012","2012","11.6752"
"GI","Burning - Biomass","100","India","723111","Emissions (CO2eq) (Burning biomass)","6726","Organic soils","2013","2013","36.6936"
"GI","Burning - Biomass","100","India","723111","Emissions (CO2eq) (Burning biomass)","6726","Organic soils","2014","2014","83.3946"
"GI","Burning - Biomass","100","India","723111","Emissions (CO2eq) (Burning biomass)","6726","Organic soils","2015","2015","76.7229"
"GI","Burning - Biomass","100","India","723111","Emissions (CO2eq) (Burning biomass)","6726","Organic soils","2016","2016","330.2439"
"GI","Burning - Biomass","100","India","723111","Emissions (CO2eq) (Burning biomass)","6726","Organic soils","2017","2017","330.2439"
